Sector_score,PARA_A,Risk_A,PARA_B,Risk_B,Money_Value,Risk_D,Score,Inherent_Risk,Audit_Risk,Risk
3.89,4.18,2.508,2.5,0.5,3.38,0.676,2.4,8.574,1.7148,1
3.89,0,0,4.83,0.966,0.94,0.188,2,2.554,0.5108,0
3.89,0.51,0.102,0.23,0.046,0,0,2,1.548,0.3096,0
3.89,0,0,10.8,6.48,11.75,7.05,4.4,17.53,3.506,1
3.89,0,0,0.08,0.016,0,0,2,1.416,0.2832,0
3.89,0,0,0.83,0.166,2.95,0.59,2,2.156,0.4312,0
3.89,1.1,0.44,7.41,2.964,44.95,26.97,3.2,31.774,6.3548,1
3.89,8.5,5.1,12.03,7.218,7.79,3.116,4.2,18.034,3.6068,1
3.89,8.4,5.04,11.05,6.63,7.34,2.936,4.2,17.206,3.4412,1
3.89,3.98,2.388,0.99,0.198,1.93,0.386,2.4,4.372,0.8744,0
3.89,5.43,3.258,10.77,6.462,4.42,0.884,3.6,12.004,2.4008,1
3.89,15.38,9.228,40.14,24.084,0.96,0.192,4,35.704,21.4224,1
3.89,5.47,3.282,7.63,3.052,10.43,6.258,3.6,14.392,5.7568,1
3.89,1.09,0.436,0.35,0.07,0,0,2.2,1.906,0.3812,0
3.89,0,0,0.84,0.168,0.007,0.0014,2,1.5694,0.31388,0
3.89,1.95,0.78,9.01,3.604,9,3.6,3,9.384,1.8768,1
3.89,8.54,5.124,31.63,18.978,41.28,24.768,4.2,50.67,20.268,1
3.89,4.18,2.508,4.83,0.966,14.03,8.418,3.2,14.492,2.8984,1
3.89,1.81,0.724,1.03,0.206,0,0,2.2,2.33,0.466,0
3.89,4.86,2.916,46.78,28.068,63.18,37.908,4.4,71.492,14.2984,1
3.89,6.26,3.756,14.1,8.46,34.24,20.544,4.2,34.56,13.824,1
3.89,0.02,0.004,5.94,2.376,0.01,0.002,2.6,3.782,0.7564,0
3.89,5.31,3.186,22.79,13.674,205.19,123.114,4.2,141.774,56.7096,1
3.89,0.94,0.188,0.01,0.002,0.1,0.02,2,1.61,0.322,0
3.89,5.78,3.468,57.92,34.752,11.16,6.696,4,46.316,9.2632,1
3.89,7.42,4.452,2.24,0.448,1.25,0.25,2.4,6.55,1.31,1
3.89,0,0,1.1,0.22,0.007,0.0014,2,1.6214,0.32428,0
3.89,6.85,4.11,31.76,19.056,1.46,0.292,3.6,24.858,4.9716,1
3.89,0,0,1.03,0.206,0,0,2,1.606,0.3212,0
3.89,0,0,0.75,0.15,6.78,2.712,2.2,4.262,0.8524,0
3.89,2.4,1.44,16.63,9.978,1.16,0.232,3.6,13.05,2.61,1
3.89,0,0,0.05,0.01,152.41,91.446,2.4,92.856,18.5712,1
3.89,0,0,1.76,0.352,1.08,0.216,2,1.968,0.3936,0
3.89,0,0,2.97,0.594,2.84,0.568,2,2.562,0.5124,0
3.89,0,0,0.43,0.086,0,0,2,1.486,0.2972,0
3.89,0,0,0.94,0.188,0.9,0.18,2,1.768,0.3536,0
3.89,9.01,5.406,19.82,11.892,9.67,3.868,3.8,22.566,4.5132,1
3.89,0,0,0.05,0.01,0,0,2,1.41,0.282,0
3.89,11.95,7.17,30.9,18.54,32.68,19.608,4,46.718,9.3436,1
3.89,7.97,4.782,17.18,10.308,935.03,561.018,4,577.508,115.5016,1
3.89,0,0,3.71,0.742,29.63,17.778,2.4,19.92,3.984,1
3.89,0.62,0.124,2.02,0.404,0.11,0.022,2,1.95,0.39,0
3.89,0,0,2.27,0.454,2.62,0.524,2,2.378,0.4756,0
3.89,0,0,0,0,0,0,2,1.4,0.28,0
3.89,1.32,0.528,0,0,0.06,0.012,2.2,1.94,0.388,0
3.89,0,0,1.03,0.206,2.43,0.486,2,2.092,0.4184,0
3.89,0,0,15.38,9.228,126.13,75.678,3.6,86.306,17.2612,1
3.89,0,0,1.02,0.204,0,0,2,1.604,0.3208,0
3.89,0,0,20.71,12.426,20.79,12.474,4,27.5,22,1
3.89,2.95,1.77,6.56,2.624,156.92,94.152,3.4,99.946,19.9892,1
3.89,1.97,0.788,2.1,0.42,12.29,7.374,3,10.782,6.4692,1
3.89,0,0,18.05,10.83,2.29,0.458,3.2,12.688,2.5376,1
3.89,0,0,0.93,0.186,7.78,3.112,2.2,4.698,0.9396,0
3.89,0,0,1.61,0.322,2.51,0.502,2,2.224,0.4448,0
3.89,6.32,3.792,9.01,3.604,8.31,3.324,3.2,12.12,2.424,1
3.89,0,0,1.05,0.21,0.16,0.032,2,1.642,0.3284,0
3.89,0,0,6.8,2.72,47.9,28.74,3,32.86,6.572,1
3.89,14.04,8.424,10.83,6.498,8.91,3.564,3.8,19.886,3.9772,1
3.89,6.67,4.002,18.02,10.812,4.95,0.99,4.4,19.604,15.6832,1
3.89,0,0,0,0,1.75,0.35,2,1.75,0.35,0
3.89,0,0,0.08,0.016,0.68,0.136,2,1.552,0.3104,0
3.89,1.26,0.504,0.05,0.01,0,0,2.2,1.914,0.3828,0
3.89,0,0,0.03,0.006,0.06,0.012,2,1.418,0.2836,0
3.89,0,0,0.79,0.158,15.82,9.492,2.4,11.05,2.21,1
3.89,4.76,2.856,13.03,7.818,0.58,0.116,3.8,12.59,5.036,1
3.89,8.81,5.286,9.02,3.608,215.31,129.186,3.6,139.88,55.952,1
3.89,0,0,0.07,0.014,0,0,2,1.414,0.2828,0
3.89,13.92,8.352,2.2,0.44,0.05,0.01,2.4,10.202,2.0404,1
3.89,1.07,0.428,0,0,0,0,2.2,1.828,0.3656,0
3.89,0,0,0.89,0.178,0,0,2,1.578,0.3156,0
3.89,0,0,3.98,0.796,53.34,32.004,3.2,36.8,7.36,1
3.89,10,6,74.26,44.556,11.16,6.696,4.8,61.652,67.8172,1
3.89,4.24,2.544,8.06,3.224,10.69,6.414,3.4,13.582,2.7164,1
3.89,12.27,7.362,72.46,43.476,5.69,2.276,3.8,54.514,10.9028,1
3.89,0,0,0.96,0.192,1.35,0.27,2,1.862,0.3724,0
3.89,12.7,7.62,1.28,0.256,11.69,7.014,2.8,16.29,3.258,1
3.89,0,0,63.13,37.878,14.6,8.76,3.8,48.438,19.3752,1
3.89,1.99,0.796,10.24,6.144,20.78,12.468,3.8,20.808,4.1616,1
3.89,0.05,0.01,0.21,0.042,102.22,61.332,2.8,63.984,12.7968,1
3.89,0,0,7.37,2.948,0.74,0.148,2.6,4.496,0.8992,0
3.89,0,0,3.72,0.744,0,0,2.4,7.544,21.8776,1
3.89,71.48,42.888,25.63,15.378,873.37,524.022,4,583.688,116.7376,1
3.89,0,0,0,0,0,0,2,1.4,0.28,0
3.89,0.74,0.148,1,0.2,0,0,2,1.748,0.3496,0
3.89,0,0,0.58,0.116,0,0,2,1.516,0.3032,0
3.89,8.46,5.076,72.76,43.656,1.4,0.28,4.2,52.012,52.012,1
3.89,0.42,0.084,0.07,0.014,0.42,0.084,2,1.582,0.3164,0
3.89,0.01,0.002,1.29,0.258,36.52,21.912,3,25.172,10.0688,1
3.89,6.85,4.11,65.93,39.558,6.02,2.408,4.4,49.076,19.6304,1
3.89,5.37,3.222,8.62,3.448,17.16,10.296,3.6,18.766,7.5064,1
3.89,4.93,2.958,6.54,2.616,12.91,7.746,4,16.32,6.528,1
3.89,1.22,0.488,0.06,0.012,0,0,2.4,2.3,0.92,0
3.89,0,0,0.85,0.17,0,0,2.2,1.97,0.788,0
3.89,15.72,9.432,57.94,34.764,10.79,6.474,5.2,55.47,33.282,1
3.89,4.95,2.97,42.61,25.566,3.46,0.692,4.2,31.828,25.4624,1
3.89,0,0,0.08,0.016,0.06,0.012,2.4,2.228,1.3368,1
3.89,1.19,0.476,12.88,7.728,2.33,0.466,3.8,10.87,6.522,1
3.89,0,0,2.72,0.544,5.58,2.232,2.6,4.976,2.9856,1
3.89,0,0,1.66,0.332,0.76,0.152,2.4,2.684,1.6104,1
3.89,6.47,3.882,12.18,7.308,25.27,15.162,4.4,28.552,17.1312,1
3.89,1.33,0.532,0,0,0.2,0.04,2.6,2.772,1.6632,1
3.89,0,0,1.1,0.22,0,0,2.4,2.42,1.452,1
3.89,2.57,1.542,4.49,0.898,7.56,3.024,2.8,7.264,2.9056,1
3.89,0,0,1.88,0.376,0,0,2,1.776,0.3552,0
3.89,0.77,0.154,18.31,10.986,67.03,40.218,3.6,52.758,10.5516,1
3.89,5.23,3.138,5.89,2.356,19.4,11.64,3.4,18.534,3.7068,1
3.89,6.59,3.954,23.66,14.196,34.83,20.898,4.2,40.848,16.3392,1
3.89,7.18,4.308,14.63,8.778,98.75,59.25,4,73.736,14.7472,1
3.89,1,0.4,0,0,0.36,0.072,2.2,1.872,0.3744,0
3.89,0,0,0.06,0.012,0,0,2,1.412,0.2824,0
3.89,2.63,1.578,2.55,0.51,0,0,2.4,3.488,0.6976,0
3.89,0,0,0.87,0.174,0,0,2,1.574,0.3148,0
3.89,10.96,6.576,41.47,24.882,35.21,21.126,4.2,54.384,21.7536,1
3.89,0,0,0.23,0.046,0,0,2,1.446,0.2892,0
3.41,4.25,2.55,45.51,27.306,8.2,3.28,4.2,35.736,7.1472,1
3.41,1.98,0.792,51.42,30.852,20.33,12.198,4.4,46.842,18.7368,1
3.41,1.44,0.576,29.25,17.55,35.13,21.078,3.8,40.604,8.1208,1
3.41,1.52,0.608,37.33,22.398,63.7,38.22,4.2,63.826,12.7652,1
3.41,3.63,2.178,10.85,4.34,0.28,0.056,3,7.974,1.5948,1
3.41,1.35,0.54,66.35,39.81,27.13,16.278,4.6,61.028,67.1308,1
3.41,9.97,5.982,88.73,53.238,10.27,6.162,4,66.782,13.3564,1
3.41,1.41,0.564,36.16,21.696,13.05,7.83,4.2,32.29,19.374,1
3.41,1.98,0.792,67.91,40.746,18.79,11.274,4.4,55.812,22.3248,1
3.41,10.08,6.048,22.31,13.386,16.82,10.092,4.4,32.126,6.4252,1
3.41,1.44,0.576,9.65,3.86,10.03,6.018,4,14.754,2.9508,1
3.41,25.4,15.24,51.74,31.044,12.67,7.602,4.8,57.286,68.7432,1
3.41,3.21,1.926,72.07,43.242,13.79,8.274,4.6,56.042,44.8336,1
3.41,12.28,7.368,20.62,12.372,10.16,6.096,4.2,27.636,11.0544,1
3.41,6.93,4.158,70.26,42.156,9.73,3.892,3.8,51.606,10.3212,1
3.41,3.34,2.004,37.59,22.554,26.95,16.17,4,42.128,8.4256,1
3.41,15.66,9.396,74.53,44.718,29.07,17.442,4,72.956,14.5912,1
3.41,2.92,1.752,5.24,2.096,9.76,3.904,3.2,9.152,1.8304,1
3.41,0.83,0.166,28.06,16.836,13.31,7.986,3.6,26.388,5.2776,1
3.41,1.97,0.788,30.25,18.15,0.68,0.136,3.4,20.474,4.0948,1
3.41,10,6,47.9,28.74,7.7,3.08,3.8,39.22,7.844,1
3.41,13.06,7.836,45.42,27.252,10.4,6.24,4,42.728,8.5456,1
3.41,1.35,0.54,33.25,19.95,20.62,12.372,4.2,35.462,7.0924,1
3.41,4.13,2.478,16.74,10.044,44.02,26.412,4,40.334,8.0668,1
3.41,12.62,7.572,80.06,48.036,43.53,26.118,4.6,84.726,33.8904,1
3.41,16.36,9.816,41.1,24.66,12.03,7.218,4.2,43.494,17.3976,1
3.41,12.68,7.608,41,24.6,11.88,7.128,4.4,41.936,8.3872,1
3.41,11.73,7.038,85.87,51.522,6.96,2.784,4,63.144,25.2576,1
3.41,5.15,3.09,44.67,26.802,21.07,12.642,4.4,45.134,9.0268,1
3.41,6.61,3.966,55.62,33.372,57.16,34.296,4.2,73.434,29.3736,1
3.41,8.03,4.818,94.43,56.658,10.65,6.39,4.8,71.666,57.3328,1
3.41,1.21,0.484,34.03,20.418,5.36,2.144,3.6,24.446,4.8892,1
3.41,1.64,0.656,46.21,27.726,2.45,0.49,3.4,30.272,6.0544,1
3.41,1.21,0.484,43.84,26.304,31.61,18.966,4.2,48.354,9.6708,1
3.41,1.1,0.44,87.71,52.626,34.32,20.592,4.2,76.258,15.2516,1
3.41,4.17,2.502,24.37,14.622,4.24,0.848,3.6,19.372,3.8744,1
3.41,1.08,0.432,32.71,19.626,8.38,3.352,3.6,24.81,4.962,1
3.41,12.29,7.374,25.74,15.444,22.1,13.26,4.2,37.878,15.1512,1
3.41,12.54,7.524,31.62,18.972,54.07,32.442,4,60.338,12.0676,1
3.41,17.26,10.356,44.22,26.532,27.68,16.608,4.2,55.296,22.1184,1
3.41,1.15,0.46,20.1,12.06,21.45,12.87,4.6,29.39,5.878,1
3.41,20.04,12.024,48.9,29.34,11.09,6.654,4,49.418,9.8836,1
3.41,12.17,7.302,47,28.2,10.14,6.084,4.8,45.586,9.1172,1
3.41,10.37,6.222,105.56,63.336,52.13,31.278,4.8,106.636,21.3272,1
3.41,9.67,5.802,62.25,37.35,17.02,10.212,4.4,55.964,11.1928,1
3.41,3.77,2.262,40.86,24.516,18,10.8,4,38.978,7.7956,1
3.41,4.73,2.838,60.22,36.132,69.76,41.856,4,82.226,16.4452,1
3.41,6.31,3.786,19.42,11.652,13.88,8.328,4.4,26.366,5.2732,1
3.41,5.61,3.366,1.56,0.312,4.03,0.806,2.4,5.884,1.1768,1
3.41,5.22,3.132,20.94,12.564,2.44,0.488,3.6,17.584,3.5168,1
3.41,0.31,0.062,58.12,34.872,78.98,47.388,3.8,84.122,33.6488,1
3.41,2.86,1.716,17.09,10.254,6.88,2.752,4.2,17.322,3.4644,1
3.41,16.53,9.918,72.99,43.794,5.49,2.196,4,57.708,23.0832,1
3.41,2.7,1.62,45.16,27.096,37.79,22.674,4,52.79,10.558,1
3.41,3.08,1.848,60.78,36.468,0.36,0.072,3.6,39.788,7.9576,1
3.41,2,1.2,49.19,29.514,60.88,36.528,4.2,69.042,27.6168,1
3.41,1.18,0.472,0,0,183.2,109.92,3.2,113.392,45.3568,1
3.41,1.07,0.428,0,0,10.02,6.012,2.6,7.84,1.568,1
3.41,1.07,0.428,0,0,0,0,2.6,2.628,1.5768,1
3.41,1.01,0.404,0,0,0,0,2.2,1.804,0.3608,0
3.41,0.93,0.186,0,0,0,0,2,1.586,0.3172,0
3.41,4.01,2.406,0,0,0,0,2.4,3.806,0.7612,0
3.41,0.77,0.154,0,0,0.32,0.064,2,1.618,0.3236,0
3.41,1.05,0.42,0,0,0,0,2.2,1.82,0.364,0
3.41,1.01,0.404,0,0,0.28,0.056,2.2,1.86,0.372,0
3.41,0.91,0.182,0,0,0,0,2,1.582,0.3164,0
3.41,1.12,0.448,0,0,0,0,2.2,1.848,0.3696,0
3.41,0.8,0.16,0,0,0.18,0.036,2,1.596,0.3192,0
3.41,0.65,0.13,0,0,0,0,2,1.53,0.306,0
3.41,0.63,0.126,0,0,0,0,2,1.526,0.3052,0
3.41,0.43,0.086,0,0,0,0,2,1.486,0.2972,0
3.41,1.21,0.484,0,0,0,0,2.2,1.884,0.3768,0
3.41,0.17,0.034,0,0,0,0,2,1.434,0.2868,0
3.41,0,0,0,0,0,0,2.2,1.8,0.72,0
3.41,0,0,0,0,0,0,2,1.4,0.28,0
3.41,0.07,0.014,0,0,0,0,2,1.414,0.2828,0
2.72,5.11,3.066,53.76,32.256,48.56,29.136,5.2,69.658,55.7264,1
2.72,2.46,1.476,6.72,2.688,0,0,3,5.564,1.1128,1
2.72,4.05,2.43,21.66,12.996,18.45,11.07,4.4,29.096,5.8192,1
2.72,2.81,1.686,4.6,0.92,8.44,3.376,2.6,7.382,1.4764,1
2.72,4.43,2.658,61.47,36.882,39.65,23.79,4.4,65.93,13.186,1
2.72,3.48,2.088,17.85,10.71,9.53,3.812,3.8,18.01,3.602,1
2.72,3.62,2.172,44.28,26.568,44.67,26.802,4,56.942,11.3884,1
2.72,4.34,2.604,24.13,14.478,3.42,0.684,3.6,19.166,3.8332,1
2.72,3.62,2.172,8.37,3.348,0,0,3,6.92,1.384,1
2.72,3.11,1.866,113.97,68.382,26.64,15.984,4.4,88.832,17.7664,1
2.72,1.65,0.66,20.86,12.516,16.91,10.146,3.8,24.722,4.9444,1
2.72,3.43,2.058,1.53,0.306,0,0,2.4,3.764,0.7528,0
2.72,3.84,2.304,98.67,59.202,12.9,7.74,4,70.646,14.1292,1
2.72,7.42,4.452,115.87,69.522,6.79,2.716,4.8,81.09,32.436,1
2.72,7.07,4.242,35.48,21.288,8.76,3.504,3.8,30.434,6.0868,1
2.72,3.26,1.956,5.55,2.22,0.21,0.042,3.4,6.418,3.8508,1
2.72,3.84,2.304,144.39,86.634,19.68,11.808,4.4,102.946,61.7676,1
2.72,5.5,3.3,93.26,55.956,14.27,8.562,4,69.218,13.8436,1
2.72,1.9,0.76,35.04,21.024,16.19,9.714,4.6,35.798,7.1596,1
2.72,3.5,2.1,16.09,9.654,5.03,2.012,3.8,15.166,3.0332,1
2.72,1.46,0.584,0.75,0.15,0.11,0.022,2.2,2.156,0.4312,0
2.72,4.6,2.76,54.99,32.994,14.1,8.46,4,45.614,9.1228,1
2.72,7.43,4.458,79.5,47.7,102.39,61.434,4,114.992,22.9984,1
2.72,3.51,2.106,52.89,31.734,4.26,0.852,3.6,36.092,7.2184,1
2.72,5.65,3.39,67.16,40.296,27.23,16.338,4.8,64.024,12.8048,1
2.72,1.33,0.532,0.35,0.07,0,0,2.2,2.002,0.4004,0
2.72,5.45,3.27,71.09,42.654,59.18,35.508,4.4,84.032,16.8064,1
2.72,1.73,0.692,5.64,2.256,13.35,8.01,3.2,12.358,2.4716,1
2.72,6.02,3.612,135.69,81.414,89.64,53.784,5,143.21,57.284,1
2.72,3.22,1.932,55.64,33.384,80.8,48.48,4.2,85.596,34.2384,1
2.72,2.41,1.446,5.28,2.112,8.95,3.58,3.4,8.938,3.5752,1
2.72,2.84,1.704,64.91,38.946,124.59,74.754,4.6,118.404,47.3616,1
2.72,1.75,0.7,0.57,0.114,0,0,2.4,2.614,1.0456,1
2.72,2.18,1.308,30.81,18.486,5.8,2.32,4,23.914,9.5656,1
2.72,3.26,1.956,2.81,0.562,21.6,12.96,3.8,19.878,7.9512,1
2.72,4.43,2.658,51.32,30.792,145.97,87.582,4.4,123.632,24.7264,1
2.72,5.61,3.366,99.33,59.598,76.47,45.882,4.8,113.146,22.6292,1
2.72,3.9,2.34,27.92,16.752,47.6,28.56,4,49.052,9.8104,1
2.72,2.19,1.314,0.68,0.136,28.4,17.04,2.8,19.89,3.978,1
2.72,1.56,0.624,14.64,5.856,25.97,15.582,3.2,23.462,4.6924,1
2.72,4.53,2.718,87.93,52.758,85.81,51.486,4,108.362,21.6724,1
2.72,4.97,2.982,42.19,25.314,45.37,27.222,4.4,58.118,11.6236,1
2.72,2.13,1.278,0.59,0.118,0.76,0.152,2.4,2.948,0.5896,0
2.72,3.66,2.196,15.47,9.282,1.43,0.286,3.6,13.164,2.6328,1
2.72,1.64,0.656,0.19,0.038,1.59,0.318,2.2,2.412,0.4824,0
2.72,4.9,2.94,98.71,59.226,82.99,49.794,4.6,114.96,45.984,1
2.72,5.68,3.408,67.38,40.428,86.7,52.02,4.2,97.656,39.0624,1
2.72,3.99,2.394,92.05,55.23,15.14,9.084,4.2,68.508,27.4032,1
2.72,3.47,2.082,47.07,28.242,31.38,18.828,4,50.552,10.1104,1
2.72,2.68,1.608,38.32,22.992,7.17,2.868,3.8,28.868,5.7736,1
2.72,2.13,1.278,42.64,25.584,18.24,10.944,4,39.206,7.8412,1
2.72,4.28,2.568,1264.63,758.778,58.86,35.316,5.2,801.262,961.5144,1
2.72,4.36,2.616,33.91,20.346,6.06,2.424,4.8,29.986,35.9832,1
2.72,2.23,1.338,4.54,0.908,22.8,13.68,3.2,18.126,10.8756,1
2.72,2,1.2,0.32,0.064,5.37,2.148,2.6,4.812,0.9624,0
2.72,3.04,1.824,67.37,40.422,77.47,46.482,4.8,93.028,18.6056,1
2.72,1.19,0.476,122.07,73.242,15.2,9.12,3.8,84.238,16.8476,1
2.72,1.35,0.54,0,0,680.14,408.084,3.4,412.624,82.5248,1
2.72,1.14,0.456,0,0,0.71,0.142,2.2,1.998,0.3996,0
2.72,1.51,0.604,0,0,0,0,2.2,2.004,0.4008,0
2.72,1.13,0.452,0,0,0,0,2.2,1.852,0.3704,0
2.72,1.5,0.6,0,0,1.44,0.288,2.2,2.288,0.4576,0
2.72,0.96,0.192,0,0,0,0,2,1.592,0.3184,0
2.72,1.6,0.64,0,0,0,0,2.2,2.04,0.408,0
2.72,1.34,0.536,0,0,0,0,2.4,2.336,0.9344,0
2.72,1.6,0.64,0,0,0.06,0.012,2.2,2.052,0.4104,0
2.72,1.13,0.452,0,0,0.02,0.004,2.2,1.856,0.3712,0
2.72,0,0,0,0,0,0,2,1.4,0.28,0
2.72,0,0,0,0,0,0,2,1.4,0.28,0
2.72,0.77,0.154,0,0,4.6,0.92,2,2.474,0.4948,0
2.72,1.05,0.42,0,0,0,0,2.2,1.82,0.364,0
2.72,0,0,0,0,0,0,2,1.4,0.28,0
2.72,0,0,0,0,30.85,18.51,2.4,19.91,3.982,1
2.72,0,0,0,0,0,0,2.2,1.8,0.72,0
2.72,0,0,0,0,0,0,2,1.4,0.28,0
2.72,0,0,0,0,0,0,2,1.4,0.28,0
2.72,0.84,0.168,0,0,8.21,3.284,2.2,4.852,0.9704,0
2.72,0,0,0,0,0,0,2,1.4,0.28,0
2.72,0.85,0.17,0,0,0,0,2,1.57,0.314,0
2.72,0,0,0.28,0.056,0,0,2,1.456,0.2912,0
2.72,0.61,0.122,0.07,0.014,0,0,2,1.536,0.3072,0
2.72,0,0,0.62,0.124,0,0,2,1.524,0.3048,0
2.37,3.43,2.058,1,0.4,49.31,29.586,4.2,35.444,21.2664,1
2.37,1.63,0.652,5.86,3.516,3.69,0.738,3.4,6.306,1.2612,1
2.37,3.75,2.25,1.25,0.5,11.25,6.75,4.6,14.3,8.58,1
2.37,2.29,1.374,2.64,1.584,3.08,0.616,3.6,4.974,0.9948,0
2.37,2.51,1.506,8.59,5.154,16.03,9.618,4.8,21.878,37.1926,1
2.37,2.21,1.326,5.21,3.126,3.43,0.686,3.6,6.538,1.3076,1
2.37,2.22,1.332,6.23,3.738,0.89,0.178,3.6,6.648,1.3296,1
2.37,1.67,0.668,0.39,0.078,1.43,0.286,2.2,2.432,0.4864,0
2.37,2.59,1.554,0.66,0.132,1.28,0.256,2.4,3.342,0.6684,0
2.37,2.39,1.434,7.72,4.632,5.42,2.168,4,10.034,4.0136,1
2.37,3.42,2.052,10.55,6.33,6.96,2.784,3.8,12.566,2.5132,1
2.37,3.61,2.166,2.13,1.278,5.41,2.164,4.4,8.608,8.608,1
2.37,1.86,0.744,4.51,2.706,7.27,2.908,3.6,7.758,1.5516,1
2.37,1.9,0.76,7.97,4.782,8.6,3.44,3.8,10.782,4.3128,1
2.37,3.29,1.974,6.41,3.846,3.66,0.732,3.6,7.952,1.5904,1
2.37,2.6,1.56,1.14,0.456,8.76,3.504,3.4,7.32,2.928,1
2.37,3.81,2.286,11.52,6.912,3.25,0.65,3.8,11.648,4.6592,1
2.37,2.1,1.26,5.06,3.036,5.41,2.164,3.8,7.86,1.572,1
2.37,2.22,1.332,3.4,2.04,26.28,15.768,4.2,20.94,8.376,1
2.37,0.96,0.192,0.12,0.024,0.22,0.044,2,1.66,0.332,0
2.37,0.81,0.162,4.6,2.76,1.82,0.364,3.2,4.686,0.9372,0
2.37,1.25,0.5,0.02,0.004,0.82,0.164,2.2,2.068,0.4136,0
2.37,1.65,0.66,0.02,0.004,27.99,16.794,2.6,18.858,3.7716,1
2.37,1.65,0.66,0.02,0.004,2.47,0.494,2.2,2.558,0.5116,0
2.37,2.13,1.278,0.11,0.022,7.54,3.016,2.6,5.716,1.1432,1
2.37,0.44,0.088,0.02,0.004,27.1,16.26,2.8,18.552,11.1312,1
2.37,1.31,0.524,0.12,0.024,0,0,3,3.948,2.3688,1
2.37,0.39,0.078,0.14,0.028,0.58,0.116,2,1.622,0.3244,0
2.37,1,0.4,1.1,0.44,0,0,2.8,2.24,0.448,0
2.37,0.42,0.084,0.27,0.054,0,0,2,1.538,0.3076,0
2.37,1.07,0.428,0.59,0.118,0,0,2.2,1.946,0.3892,0
2.37,1.29,0.516,0.25,0.05,0,0,2.2,1.966,0.3932,0
2.37,0.02,0.004,0.87,0.174,0.04,0.008,2,1.586,0.3172,0
2.37,1.46,0.584,0.55,0.11,0.67,0.134,2.2,2.228,0.4456,0
2.37,0.84,0.168,0.06,0.012,0.72,0.144,2,1.724,0.3448,0
2.37,0.66,0.132,1.37,0.548,0.84,0.168,2.8,2.648,1.0592,1
2.37,0.53,0.106,5.4,3.24,0.72,0.144,3.2,4.89,0.978,0
2.37,0.39,0.078,0.47,0.094,0,0,2,1.572,0.3144,0
2.37,0.51,0.102,0.47,0.094,0,0,2,1.596,0.3192,0
2.37,0.47,0.094,0.29,0.058,0.07,0.014,2,1.566,0.3132,0
2.37,3.35,2.01,0.99,0.198,0.12,0.024,2.4,3.632,0.7264,0
2.37,0.32,0.064,0.49,0.098,6.73,2.692,2.6,5.054,3.0324,1
2.37,0.51,0.102,0,0,0,0,2.4,2.302,1.3812,1
2.37,0,0,0,0,0.05,0.01,2,1.41,0.282,0
2.37,0.31,0.062,0.69,0.138,0,0,2,1.6,0.32,0
2.37,0.61,0.122,1.54,0.616,0.57,0.114,2.6,2.252,0.4504,0
2.37,0.26,0.052,0.17,0.034,0,0,2,1.486,0.2972,0
2.37,0.73,0.146,0.05,0.01,6.14,2.456,2.6,4.812,2.8872,1
2.37,0,0,0,0,0,0,2.4,2.2,1.32,1
2.37,1.27,0.508,1.01,0.404,1.15,0.23,2.8,2.542,0.5084,0
2.37,1.62,0.648,0.49,0.098,0,0,2.2,2.146,0.4292,0
2.37,1.54,0.616,0.46,0.092,0.57,0.114,2.2,2.222,0.4444,0
2.37,2.18,1.308,0.93,0.186,0,0,2.8,3.694,2.2164,1
2.37,7.59,4.554,1.47,0.588,36.29,21.774,4.2,30.316,18.1896,1
2.37,0.76,0.152,0.34,0.068,0,0,2.4,2.42,1.452,1
2.37,0.38,0.076,0.85,0.17,0.04,0.008,2,1.654,0.3308,0
2.37,1.29,0.516,0.13,0.026,0,0,2.2,1.942,0.3884,0
2.37,1.99,0.796,0.63,0.126,0,0,2.2,2.322,0.4644,0
2.37,0,0,0,0,0,0,2,1.4,0.28,0
2.37,0.02,0.004,0.05,0.01,0,0,2,1.414,0.2828,0
2.37,0.14,0.028,0.08,0.016,0,0,2,1.444,0.2888,0
2.37,0.09,0.018,0,0,0,0,2,1.418,0.2836,0
2.37,0,0,0,0,0,0,2,1.4,0.28,0
2.37,0,0,0,0,0,0,2,1.4,0.28,0
2.37,0.01,0.002,0.007,0.0014,0,0,2,1.4034,0.28068,0
2.37,0.17,0.034,0.04,0.008,0,0,2,1.442,0.2884,0
2.37,1.66,0.664,0.83,0.166,0.31,0.062,2.6,3.092,1.8552,1
2.37,0.5,0.1,0.04,0.008,0,0,2.4,2.308,1.3848,1
2.37,0.9,0.18,0.29,0.058,1.22,0.244,2.4,2.682,1.6092,1
2.37,0,0,0,0,0.23,0.046,2.4,2.246,1.3476,1
1.99,57.03,34.218,134.33,80.598,844.37,506.622,4,622.838,124.5676,1
1.99,0.58,0.116,0,0,0,0,2,1.516,0.3032,0
1.99,1.52,0.608,0,0,6.96,2.784,2.4,4.792,0.9584,0
1.99,0.9,0.18,0,0,1.95,0.39,2,1.97,0.394,0
1.99,1.19,0.476,0,0,0,0,2.2,1.876,0.3752,0
1.99,0.53,0.106,0,0,2.33,0.466,2,1.972,0.3944,0
1.99,0.93,0.186,0,0,0.11,0.022,2,1.608,0.3216,0
1.99,1.89,0.756,0,0,0,0,2.2,2.156,0.4312,0
1.99,1.71,0.684,0,0,0.09,0.018,2.2,2.102,0.4204,0
1.99,0.3,0.06,0,0,0,0,2,1.46,0.292,0
1.99,0.76,0.152,0,0,7.48,2.992,2.2,4.544,0.9088,0
1.99,0.96,0.192,0,0,9.45,3.78,2.2,5.372,1.0744,1
1.99,1.26,0.504,0,0,0,0,2.2,1.904,0.3808,0
1.99,0.55,0.11,0,0,0.67,0.134,2,1.644,0.3288,0
1.99,0.29,0.058,0,0,0.06,0.012,2,1.47,0.294,0
1.99,1.27,0.508,0,0,2.77,0.554,2.2,2.462,0.4924,0
1.99,1.34,0.536,0,0,0,0,2.2,1.936,0.3872,0
1.99,0.56,0.112,0,0,1.75,0.35,2,1.862,0.3724,0
1.99,0.86,0.172,0,0,0,0,2.4,2.372,1.4232,1
1.99,1.62,0.648,0,0,0,0,2.6,2.848,1.7088,1
1.99,3.02,1.812,0,0,0,0,2.8,4.012,2.4072,1
1.99,0.59,0.118,0,0,0,0,2.4,2.318,1.3908,1
1.99,1.1,0.44,0,0,0,0,2.2,1.84,0.368,0
1.99,1.03,0.412,0,0,27.28,16.368,2.6,18.18,3.636,1
1.99,0.66,0.132,0,0,0.73,0.146,2,1.678,0.3356,0
1.99,0.48,0.096,0,0,0.47,0.094,2,1.59,0.318,0
1.99,1.27,0.508,0,0,175.9,105.54,2.6,107.448,21.4896,1
1.99,0.43,0.086,0,0,13.54,8.124,2.4,9.61,1.922,1
1.99,1.65,0.66,0,0,0.01,0.002,2.2,2.062,0.4124,0
1.99,1.4,0.56,0,0,0,0,2.2,1.96,0.392,0
1.99,1.14,0.456,0,0,41.82,25.092,2.6,26.948,5.3896,1
1.99,0.45,0.09,0,0,0,0,2,1.49,0.298,0
1.99,0.6,0.12,0,0,0,0,2,1.52,0.304,0
1.99,0.85,0.17,0,0,0,0,2,1.57,0.314,0
1.99,1.19,0.476,0,0,29.76,17.856,2.6,19.732,3.9464,1
1.99,1.23,0.492,0,0,0.11,0.022,2.2,1.914,0.3828,0
1.99,1.12,0.448,0,0,0.05,0.01,2.2,1.858,0.3716,0
1.99,1.53,0.612,0,0,0.03,0.006,2.4,2.418,0.9672,0
1.99,0.77,0.154,0,0,0,0,2.2,1.954,0.7816,0
1.99,0.56,0.112,0,0,0,0,2.2,1.912,0.7648,0
1.99,1.82,0.728,0,0,85.13,51.078,2.8,53.606,21.4424,1
1.99,0.44,0.088,0,0,0.04,0.008,2.2,1.896,0.7584,0
1.99,1.46,0.584,0,0,0,0,2.2,1.984,0.3968,0
1.99,1.12,0.448,0,0,10.98,6.588,2.6,8.436,1.6872,1
1.99,1.56,0.624,0,0,0.1,0.02,2.2,2.044,0.4088,0
1.99,0,0,0,0,0,0,2,1.4,0.28,0
1.99,0,0,0,0,0,0,2,1.4,0.28,0
1.85,11.24,6.744,9.49,5.694,173.02,103.812,4.4,118.85,23.77,1
1.85,3.7,2.22,0,0,0.12,0.024,2.4,3.644,0.7288,0
1.85,8.53,5.118,0.16,0.032,0.52,0.104,2.6,7.054,2.8216,1
1.85,0.47,0.094,1.59,0.636,1.24,0.248,2.6,2.378,0.4756,0
1.85,0.95,0.19,1.33,0.532,0.07,0.014,2.8,2.536,1.0144,1
1.85,13.15,7.89,1.63,0.652,1.19,0.238,3.2,10.58,4.232,1
1.85,3.17,1.902,0.44,0.088,0,0,2.6,3.79,1.516,1
1.85,7.02,4.212,1.77,0.708,0,0,3.2,6.72,2.688,1
1.85,0,0,0,0,0,0,2,1.4,0.28,0
1.85,0.95,0.19,0,0,0.13,0.026,2.4,2.816,2.2528,1
1.85,0,0,0,0,10.53,6.318,2.6,8.118,3.2472,1
1.85,9.19,5.514,4.2,2.52,0.52,0.104,3.6,9.538,1.9076,1
1.85,9.14,5.484,1.22,0.488,0,0,3.4,8.172,4.9032,1
1.85,0.26,0.052,0,0,0,0,2,1.452,0.2904,0
1.85,3.05,1.83,0.05,0.01,0,0,2.4,3.24,0.648,0
1.85,0.56,0.112,72,43.2,0.51,0.102,3.2,44.814,8.9628,1
1.85,2.96,1.776,0.15,0.03,0,0,2.4,3.206,0.6412,0
1.85,2.48,1.488,0,0,0,0,2.4,2.888,0.5776,0
1.85,9.94,5.964,0.44,0.088,0.15,0.03,2.4,7.482,1.4964,1
1.85,5.13,3.078,0.09,0.018,0.01,0.002,2.4,4.498,0.8996,0
1.85,2.49,1.494,0.29,0.058,0.49,0.098,2.4,3.05,0.61,0
1.85,7.22,4.332,0.28,0.056,0,0,2.4,5.788,1.1576,1
1.85,0.71,0.142,0.66,0.132,0,0,2,1.674,0.3348,0
1.85,19.21,11.526,2.47,1.482,0,0,4,15.208,9.1248,1
1.85,0.18,0.036,0,0,0,0,2.6,3.436,4.1232,1
1.85,5.9,3.54,0,0,0.74,0.148,3,7.088,8.5056,1
1.85,4.04,2.424,0,0,0.79,0.158,2.8,4.782,2.8692,1
1.85,2.81,1.686,0.11,0.022,19.45,11.67,3.2,15.578,9.3468,1
1.85,5.87,3.522,0,0,0.44,0.088,2.8,5.81,3.486,1
1.85,1.75,0.7,0,0,0.35,0.07,2.6,2.97,1.782,1
1.85,2.05,1.23,0,0,3.53,0.706,2.8,4.136,2.4816,1
1.85,0,0,0,0,0.04,0.008,2.6,3.408,4.0896,1
1.85,3.67,2.202,0.18,0.036,0,0,2.4,3.638,0.7276,0
1.85,0.64,0.128,0.95,0.19,0,0,2.2,2.118,0.8472,0
1.85,7.37,4.422,1.64,0.656,0.08,0.016,3,6.494,1.2988,1
1.85,10.79,6.474,0.67,0.134,0.04,0.008,2.4,8.016,1.6032,1
1.85,10.02,6.012,0.95,0.19,0.43,0.086,2.4,7.688,1.5376,1
1.85,0.44,0.088,0.62,0.124,0.64,0.128,2,1.74,0.348,0
1.85,2.89,1.734,0.11,0.022,0.04,0.008,2.4,3.164,0.6328,0
1.85,0.6,0.12,1.14,0.456,0.43,0.086,2.6,2.062,0.4124,0
1.85,0.79,0.158,1.01,0.404,0.57,0.114,2.6,2.076,0.4152,0
1.85,3.26,1.956,0.36,0.072,0.02,0.004,2.4,3.432,0.6864,0
1.85,8.94,5.364,1.32,0.528,0.02,0.004,3,7.296,1.4592,1
1.85,4.6,2.76,1.17,0.468,0.04,0.008,3,4.636,0.9272,0
1.85,7.01,4.206,1.12,0.448,0.1,0.02,3,6.074,1.2148,1
1.85,1.04,0.416,0.91,0.182,0.37,0.074,2.2,2.072,0.4144,0
1.85,2.81,1.686,0.41,0.082,0,0,2.4,3.168,0.6336,0
1.85,0.7,0.14,0.6,0.12,0.51,0.102,2,1.762,0.3524,0
1.85,0.78,0.156,0.97,0.194,0.97,0.194,2,1.944,0.3888,0
1.85,7.09,4.254,1.95,0.78,0,0,3,6.434,1.2868,1
1.85,1.39,0.556,1.1,0.44,0,0,2.8,2.396,0.4792,0
1.85,2.46,1.476,0.37,0.074,0,0,2.4,2.95,0.59,0
1.85,2.48,1.488,0.1,0.02,0,0,2.4,2.908,0.5816,0
1.85,1.28,0.512,1.75,0.7,0,0,2.8,2.612,0.5224,0
1.85,3.83,2.298,0.28,0.056,0,0,2.4,3.754,0.7508,0
1.85,3.74,2.244,0.55,0.11,0,0,2.4,3.754,0.7508,0
1.85,11.44,6.864,1.41,0.564,0.04,0.008,3,8.836,1.7672,1
1.85,4.99,2.994,0.64,0.128,0,0,2.4,4.522,0.9044,0
1.85,8.25,4.95,1.59,0.636,0.02,0.004,3,6.99,1.398,1
1.85,0.25,0.05,1.8,0.72,0.74,0.148,2.6,2.318,0.4636,0
1.85,7.2,4.32,0.43,0.086,0.01,0.002,2.4,5.808,1.1616,1
1.85,0.73,0.146,1.24,0.496,0.2,0.04,2.6,2.082,0.4164,0
1.85,5.2,3.12,0,0,0,0,2.4,4.52,0.904,0
1.85,1.16,0.464,0,0,0.11,0.022,2.6,2.686,1.6116,1
1.85,0,0,0,0,0.19,0.038,2.4,2.238,1.3428,1
1.85,0.65,0.13,0.03,0.006,0.14,0.028,2,1.564,0.3128,0
1.85,0.79,0.158,0,0,3.54,0.708,2,2.266,0.4532,0
1.85,3.28,1.968,0.25,0.05,0.04,0.008,2.8,4.226,2.5356,1
1.85,0.9,0.18,0,0,0.13,0.026,2.4,2.406,1.4436,1
1.85,5,3,0.54,0.108,0,0,2.4,4.508,0.9016,0
1.85,7.07,4.242,0.72,0.144,0,0,2.4,5.786,1.1572,1
1.85,1.08,0.432,1.98,0.792,3.92,0.784,2.8,3.408,0.6816,0
1.85,3.46,2.076,0.09,0.018,0.06,0.012,2.4,3.506,0.7012,0
1.85,0.6,0.12,1.08,0.432,0.33,0.066,2.6,2.018,0.4036,0
1.85,3.92,2.352,1.08,0.432,0,0,3,4.184,0.8368,0
1.85,7.84,4.704,2.81,1.686,0,0,3.8,8.19,3.276,1
1.85,0.99,0.198,0,0,0,0,2.2,1.998,0.7992,0
1.85,0.17,0.034,0.11,0.022,0,0,2,1.456,0.2912,0
1.85,45.23,27.138,36.18,21.708,0,0,4,51.046,30.6276,1
1.85,1.69,0.676,0.21,0.042,0,0,2.2,2.118,0.4236,0
1.85,0.18,0.036,0.63,0.126,0,0,2,1.562,0.3124,0
1.85,0.01,0.002,0.91,0.182,0,0,2,1.584,0.3168,0
1.85,0.88,0.176,1.5,0.6,0.19,0.038,2.6,2.214,0.4428,0
1.85,1.17,0.468,0.15,0.03,0,0,2.2,1.898,0.3796,0
1.85,0,0,0,0,0,0,2.2,1.8,0.72,0
1.85,0,0,0,0,0,0,2,1.4,0.28,0
1.85,0,0,0,0,0.2,0.04,2.2,1.84,0.736,0
1.85,0,0,0,0,0,0,2,1.4,0.28,0
1.85,0,0,0,0,0,0,2.4,2.2,1.32,1
1.85,0.99,0.198,0.11,0.022,0,0,2.4,2.42,1.452,1
1.85,0.21,0.042,0,0,0,0,2,1.442,0.2884,0
1.85,2.2,1.32,0.28,0.056,0,0,2.4,2.776,0.5552,0
1.85,3.31,1.986,0.17,0.034,0,0,2.4,3.42,0.684,0
1.85,2.43,1.458,0.27,0.054,0,0,2.4,2.912,0.5824,0
1.85,13.91,8.346,0.5,0.1,0.19,0.038,2.4,9.884,1.9768,1
2.36,1.71,0.684,0,0,88.4,53.04,4.4,62.424,149.8176,1
2.37,1.13,0.452,3.85,2.31,20.89,12.534,5,20.396,12.2376,1
2.37,17.53,10.518,0,0,94.75,56.85,4.4,74.868,134.7624,1
2.37,0.56,0.112,0.7,0.14,0,0,2.4,2.452,1.4712,1
2.37,0.56,0.112,0.08,0.016,0.05,0.01,2.4,2.338,1.4028,1
2.34,3.95,2.37,0,0,83.96,50.376,3.8,56.546,45.2368,1
2.34,0,0,0,0,0,0,2,1.4,0.28,0
2.34,0,0,0,0,0,0,2,1.4,0.28,0
2.34,0,0,0,0,0,0,2,1.4,0.28,0
2.34,0,0,0,0,0,0,2,1.4,0.28,0
15.56,20.65,12.39,0,0,397.31,238.386,4.2,255.976,204.7808,1
15.56,3.73,2.238,2.82,1.692,160.41,96.246,5.2,104.976,62.9856,1
15.56,0,0,0,0,23.97,14.382,2.8,16.582,9.9492,1
17.68,2.52,1.512,20.28,12.168,70.56,42.336,4.4,58.216,34.9296,1
21.61,3.14,1.884,5.68,3.408,11.33,6.798,4.6,15.09,6.036,1
21.61,0.88,0.176,1.07,0.428,0.76,0.152,2.6,2.156,0.4312,0
21.61,0.8,0.16,0.82,0.164,1.32,0.264,2,1.988,0.3976,0
21.61,0.7,0.14,0.72,0.144,0,0,2,1.684,0.3368,0
21.61,0,0,0.39,0.078,0.24,0.048,2,1.526,0.3052,0
21.61,0.33,0.066,0,0,0,0,2,1.466,0.2932,0
21.61,0.28,0.056,0.16,0.032,0,0,2,1.488,0.2976,0
21.61,0.19,0.038,0.27,0.054,0.65,0.13,2,1.622,0.3244,0
21.61,0.53,0.106,0.62,0.124,0.01,0.002,2,1.632,0.3264,0
21.61,0.46,0.092,0.88,0.176,0.58,0.116,2,1.784,0.3568,0
21.61,0.31,0.062,0.28,0.056,0,0,2,1.518,0.3036,0
21.61,85,51,1.06,0.424,0,0,3.4,53.624,32.1744,1
21.61,0.75,0.15,0.9,0.18,1.4,0.28,2,2.01,0.402,0
21.61,0.85,0.17,0.93,0.186,0,0,2,1.756,0.3512,0
21.61,0.34,0.068,0.36,0.072,0.03,0.006,2,1.546,0.3092,0
21.61,0.66,0.132,0.81,0.162,0.03,0.006,2,1.7,0.34,0
21.61,0.59,0.118,0.69,0.138,0,0,2,1.656,0.3312,0
21.61,0.61,0.122,0.63,0.126,0,0,2,1.648,0.3296,0
21.61,0.72,0.144,0.8,0.16,0.02,0.004,2,1.708,0.3416,0
21.61,0.37,0.074,0.1,0.02,0,0,2,1.494,0.2988,0
21.61,0.62,0.124,0.71,0.142,0.08,0.016,2,1.682,0.3364,0
21.61,0.98,0.196,1.14,0.456,0,0,2.6,2.052,0.4104,0
21.61,0.32,0.064,0,0,0,0,2,1.464,0.2928,0
21.61,0.56,0.112,0.63,0.126,0.09,0.018,2,1.656,0.3312,0
21.61,0.54,0.108,0.56,0.112,0.8,0.16,2,1.78,0.356,0
21.61,0.63,0.126,0.69,0.138,0.32,0.064,2,1.728,0.3456,0
21.61,0.37,0.074,0.46,0.092,0,0,2,1.566,0.3132,0
21.61,0,0,0,0,0,0,2,1.4,0.28,0
21.61,0.29,0.058,0.33,0.066,0,0,2,1.524,0.3048,0
21.61,0.67,0.134,0.76,0.152,0,0,2,1.686,0.3372,0
21.61,0.43,0.086,0,0,0,0,2,1.486,0.2972,0
21.61,0.67,0.134,0.75,0.15,0.39,0.078,2,1.762,0.3524,0
21.61,0.84,0.168,1.09,0.436,0,0,2.6,2.004,0.4008,0
21.61,0.52,0.104,0.68,0.136,0,0,2,1.64,0.328,0
21.61,0.38,0.076,0.48,0.096,0.33,0.066,2,1.638,0.3276,0
21.61,0.19,0.038,0.23,0.046,0,0,2,1.484,0.2968,0
21.61,0.27,0.054,0.35,0.07,0,0,2,1.524,0.3048,0
21.61,0.34,0.068,0.27,0.054,0,0,2,1.522,0.3044,0
21.61,0.02,0.004,0.66,0.132,0,0,2,1.536,0.3072,0
21.61,0,0,0,0,0.03,0.006,2,1.406,0.2812,0
21.61,0,0,0,0,0,0,2,1.4,0.28,0
59.85,1.94,0.776,6.69,4.014,13.3,7.98,4.8,16.57,13.256,1
59.85,0,0,0,0,0.29,0.058,2,1.458,0.2916,0
59.85,0,0,0,0,3.3,0.66,2,2.06,0.412,0
59.85,0.27,0.054,0,0,16.09,9.654,2.4,11.108,2.2216,1
59.85,0,0,0,0,1.44,0.288,2,1.688,0.3376,0
59.85,0.03,0.006,0,0,1.66,0.332,2,1.738,0.3476,0
59.85,0,0,0,0,0.19,0.038,2,1.438,0.2876,0
59.85,0,0,0,0,0.7,0.14,2,1.54,0.308,0
59.85,0.05,0.01,0,0,0.63,0.126,2,1.536,0.3072,0
59.85,0,0,0,0,0.93,0.186,2,1.586,0.3172,0
59.85,0.03,0.006,0,0,1.22,0.244,2,1.65,0.33,0
59.85,0,0,0,0,1.2,0.24,2.2,2.04,0.816,0
59.85,0.01,0.002,0.11,0.022,1.03,0.206,2,1.63,0.326,0
59.85,0,0,0,0,2.86,0.572,2,1.972,0.3944,0
59.85,0.03,0.006,0,0,1.55,0.31,2,1.716,0.3432,0
59.85,0,0,0,0,2.39,0.478,2,1.878,0.3756,0
59.85,0.07,0.014,0,0,10.4,6.24,2.4,7.654,1.5308,1
59.85,0,0,0,0,1.3,0.26,2.2,2.06,0.824,0
59.85,0.31,0.062,0,0,0,0,2,1.462,0.2924,0
59.85,0.15,0.03,0,0,0.05,0.01,2,1.44,0.288,0
59.85,0,0,0,0,0,0,2,1.4,0.28,0
59.85,0.01,0.002,0,0,0.6,0.12,2,1.522,0.3044,0
59.85,0.15,0.03,0,0,0,0,2,1.43,0.286,0
59.85,0.2,0.04,0.28,0.056,0,0,2,1.496,0.2992,0
59.85,0.06,0.012,0,0,0,0,2,1.412,0.2824,0
59.85,0.3,0.06,0,0,0,0,2,1.46,0.292,0
59.85,0,0,0,0,0,0,2,1.4,0.28,0
59.85,0,0,0,0,0,0,2,1.4,0.28,0
59.85,0.29,0.058,0,0,0.04,0.008,2,1.466,0.2932,0
59.85,0.48,0.096,0,0,0,0,2,1.496,0.2992,0
59.85,0.39,0.078,0.39,0.078,0.17,0.034,2.2,1.99,0.796,0
59.85,0.21,0.042,0,0,0.33,0.066,2.2,1.908,0.7632,0
59.85,0,0,0,0,0,0,2,1.4,0.28,0
59.85,0.42,0.084,0,0,0,0,2.2,1.884,0.7536,0
59.85,0.04,0.008,0,0,0.22,0.044,2,1.452,0.2904,0
59.85,0,0,0.22,0.044,0,0,2,1.444,0.2888,0
59.85,0,0,0,0,0,0,2,1.4,0.28,0
55.57,0.29,0.058,0.39,0.078,0.05,0.01,2.4,2.746,0.5492,0
55.57,0,0,1.96,0.784,0.4,0.08,2.6,2.264,0.4528,0
55.57,2.24,1.344,7.26,4.356,0.24,0.048,3.6,7.148,1.4296,1
55.57,0.62,0.124,0.42,0.084,0,0,2,1.608,0.3216,0
55.57,1.7,0.68,5.91,3.546,3.68,0.736,3.6,6.762,2.7048,1
55.57,0.95,0.19,0.72,0.144,0,0,2.2,2.134,0.8536,0
55.57,0,0,0,0,85.05,51.03,3.2,54.43,32.658,1
55.57,2.59,1.554,111.9,67.14,8.47,3.388,4.2,74.282,44.5692,1
55.57,6.48,3.888,43.08,25.848,253.12,151.872,4.8,185.008,222.0096,1
55.57,1.2,0.48,0.54,0.108,0.45,0.09,2.2,2.078,0.4156,0
55.57,0.26,0.052,0.21,0.042,0.05,0.01,2,1.504,0.3008,0
55.57,0.7,0.14,0.19,0.038,0,0,2,1.578,0.3156,0
55.57,1.59,0.636,0.13,0.026,0.11,0.022,2.2,2.084,0.4168,0
55.57,0,0,0,0,0.02,0.004,2,1.404,0.2808,0
55.57,3.14,1.884,4.97,2.982,6.41,2.564,4,9.23,3.692,1
55.57,0.68,0.136,1.47,0.588,0,0,2.6,2.124,0.4248,0
55.57,0.67,0.134,1.71,0.684,0,0,2.6,2.218,0.4436,0
55.57,2.54,1.524,5.52,3.312,0.49,0.098,3.6,6.334,1.2668,1
55.57,1.84,0.736,4.25,2.55,0.82,0.164,3.4,4.85,0.97,0
55.57,0,0,0,0,0,0,2,1.4,0.28,0
55.57,3.1,1.86,4.66,2.796,0.59,0.118,3.6,6.174,1.2348,1
55.57,0.79,0.158,0.46,0.092,0.28,0.056,2,1.706,0.3412,0
55.57,0.38,0.076,0.09,0.018,0,0,2,1.494,0.2988,0
55.57,2.41,1.446,4.69,2.814,0.25,0.05,3.6,5.71,1.142,1
55.57,0,0,0,0,0,0,2,1.4,0.28,0
55.57,1.26,0.504,1.58,0.632,6.5,2.6,3,5.136,1.0272,1
55.57,0.6,0.12,0.46,0.092,0,0,2,1.612,0.3224,0
55.57,1.24,0.496,2.27,1.362,0,0,3.8,4.058,2.4348,1
55.57,0,0,0,0,0,0,2.4,2.2,1.32,1
55.57,0.0006,0.00012,1.11,0.444,0,0,3,2.64412,1.586472,1
55.57,1.49,0.596,2.34,1.404,0.25,0.05,3.4,3.45,0.69,0
55.57,1.27,0.508,2,1.2,0.18,0.036,3.4,3.144,0.6288,0
55.57,2.42,1.452,3.53,2.118,6.31,2.524,3.8,7.494,1.4988,1
55.57,0.69,0.138,0.81,0.162,0,0,2,1.7,0.34,0
55.57,1.85,0.74,4.16,2.496,0.51,0.102,3.4,4.738,0.9476,0
55.57,1.85,0.74,4.16,2.496,1.65,0.33,3.4,4.966,0.9932,0
55.57,2.45,1.47,5.47,3.282,5.61,2.244,3.8,8.396,1.6792,1
55.57,0.54,0.108,0.67,0.134,0,0,2,1.642,0.3284,0
55.57,0,0,0,0,0,0,2,1.4,0.28,0
55.57,1.45,0.58,5.79,3.474,0.69,0.138,3.4,5.592,1.1184,1
55.57,0.84,0.168,0,0,0,0,2,1.568,0.3136,0
55.57,0,0,0,0,0,0,2,1.4,0.28,0
55.57,0.11,0.022,0,0,0,0,2,1.422,0.2844,0
55.57,0.49,0.098,0,0,0,0,2,1.498,0.2996,0
55.57,0.41,0.082,0,0,0,0,2,1.482,0.2964,0
55.57,0.56,0.112,0,0,0,0,2,1.512,0.3024,0
55.57,0.87,0.174,0,0,0.1,0.02,2,1.594,0.3188,0
55.57,0.5,0.1,0,0,0,0,2,1.5,0.3,0
55.57,0,0,0,0,0.02,0.004,2,1.404,0.2808,0
55.57,0.38,0.076,0.49,0.098,0,0,2,1.574,0.3148,0
55.57,0,0,0.03,0.006,0,0,2,1.406,0.2812,0
55.57,0.17,0.034,0,0,0,0,2,1.434,0.2868,0
55.57,0.84,0.168,0,0,0,0,2.2,1.968,0.7872,0
55.57,0.49,0.098,4.78,2.868,0,0,3.2,4.366,0.8732,0
55.57,0.67,0.134,0.41,0.082,0.99,0.198,2.2,2.214,0.8856,0
55.57,0.45,0.09,8.27,4.962,9.43,3.772,3.6,10.624,4.2496,1
55.57,0,0,0,0,0,0,2.2,1.8,0.72,0
55.57,0.68,0.136,0,0,0,0,2.2,1.936,0.7744,0
55.57,0.99,0.198,0,0,0,0,2.2,1.998,0.7992,0
55.57,0.29,0.058,0,0,0,0,2.2,1.858,0.7432,0
55.57,1.67,0.668,0,0,0.06,0.012,2.4,2.48,0.992,0
55.57,1.05,0.42,2.17,1.302,0,0,3.6,3.522,1.4088,1
55.57,0.74,0.148,0,0,0,0,2.4,2.348,1.4088,1
55.57,0,0,0,0,0,0,2.4,2.2,1.32,1
55.57,0.51,0.102,1.36,0.544,0,0,2.6,2.046,0.4092,0
55.57,0.74,0.148,0,0,0.15,0.03,2,1.578,0.3156,0
55.57,0.23,0.046,0,0,,0,2,1.446,0.2892,0
55.57,0,0,1.3,0.52,0,0,2.6,1.92,0.384,0
55.57,0.49,0.098,0,0,0,0,2,1.498,0.2996,0
55.57,0.73,0.146,0,0,0,0,2,1.546,0.3092,0
55.57,0.28,0.056,0.25,0.05,0,0,2,1.506,0.3012,0
55.57,0.32,0.064,0,0,0,0,2.2,1.864,0.7456,0
55.57,0.21,0.042,0,0,0,0,2,1.442,0.2884,0
55.57,1.63,0.652,0,0,0,0,2.2,2.052,0.4104,0
55.57,0.8,0.16,0,0,0,0,2,1.56,0.312,0
55.57,0,0,0,0,0,0,2,1.4,0.28,0
55.57,0.83,0.166,0,0,0,0,2,1.566,0.3132,0
55.57,0.57,0.114,1.26,0.504,0.1,0.02,2.6,2.038,0.4076,0
55.57,0.71,0.142,0,0,0,0,2,1.542,0.3084,0
55.57,0.15,0.03,0,0,0,0,2,1.43,0.286,0
55.57,1.26,0.504,0,0,0,0,2.2,1.904,0.3808,0
55.57,0,0,0,0,0.01,0.002,2,1.402,0.2804,0
55.57,0,0,0,0,0,0,2,1.4,0.28,0
55.57,0,0,0,0,0,0,2,1.4,0.28,0
55.57,0.09,0.018,0,0,0,0,2,1.418,0.2836,0
55.57,0.51,0.102,0.03,0.006,0,0,2,1.508,0.3016,0
55.57,0.49,0.098,0,0,0.02,0.004,2,1.502,0.3004,0
55.57,1.1,0.44,0,0,0,0,2.2,1.84,0.368,0
55.57,1.14,0.456,0,0,0,0,2.4,2.256,0.9024,0
55.57,0,0,0,0,0,0,2,1.4,0.28,0
55.57,2.3,1.38,0,0,0,0,2.4,2.78,0.556,0
55.57,1.6,0.64,0.49,0.098,88.34,53.004,2.6,55.142,11.0284,1
55.57,1.49,0.596,0,0,0,0,2.2,1.996,0.3992,0
55.57,0.24,0.048,0,0,0,0,2,1.448,0.2896,0
55.57,0.42,0.084,0,0,0,0,2,1.484,0.2968,0
55.57,1.07,0.428,0.16,0.032,0,0,2.2,1.86,0.372,0
55.57,1.39,0.556,0,0,0,0,2.2,1.956,0.3912,0
55.57,0.07,0.014,0,0,0,0,2,1.414,0.2828,0
55.57,0.49,0.098,0.4,0.08,0,0,2,1.578,0.3156,0
55.57,0.88,0.176,0.54,0.108,0.11,0.022,2,1.706,0.3412,0
55.57,0,0,1.74,0.696,0,0,2.6,2.096,0.4192,0
55.57,1.28,0.512,0,0,0.22,0.044,2.2,1.956,0.3912,0
55.57,0,0,0,0,0,0,2,1.4,0.28,0
55.57,0,0,0,0,0,0,2,1.4,0.28,0
55.57,0.21,0.042,0,0,0,0,2,1.442,0.2884,0
55.57,0.92,0.184,0,0,0,0,2,1.584,0.3168,0
55.57,0.17,0.034,0,0,0,0,2,1.434,0.2868,0
55.57,0.26,0.052,0.0021,0.00042,0,0,2,1.45242,0.290484,0
55.57,0.78,0.156,0,0,0,0,2,1.556,0.3112,0
55.57,0.98,0.196,0,0,0,0,2,1.596,0.3192,0
55.57,0.27,0.054,0.0017,0.00034,0,0,2,1.45434,0.290868,0
55.57,0.41,0.082,0.11,0.022,0,0,2,1.504,0.3008,0
55.57,0.74,0.148,0,0,0.71,0.142,2,1.69,0.338,0
55.57,0.82,0.164,2.92,1.752,0,0,3.2,3.316,0.6632,0
55.57,0,0,11.68,7.008,0,0,3.2,8.408,1.6816,1
55.57,0.61,0.122,0,0,0,0,2,1.522,0.3044,0
55.57,0.62,0.124,0.47,0.094,0.58,0.116,2,1.734,0.3468,0
55.57,0,0,0,0,3.57,0.714,2,2.114,0.4228,0
55.57,0,0,0,0,0,0,2,1.4,0.28,0
55.57,0,0,0,0,0,0,2,1.4,0.28,0
55.57,0,0,0,0,0,0,2,1.4,0.28,0
55.57,1.08,0.432,0,0,0,0,2.2,1.832,0.3664,0
55.57,0.7,0.14,0,0,0,0,2,1.54,0.308,0
55.57,1.36,0.544,0,0,0,0,2.2,1.944,0.3888,0
55.57,0,0,5.24,3.144,0,0,3.2,4.544,0.9088,0
55.57,0.32,0.064,0.17,0.034,0,0,2,1.498,0.2996,0
55.57,0.33,0.066,0.0013,0.00026,0,0,2,1.46626,0.293252,0
55.57,1.08,0.432,0.92,0.184,0.04,0.008,2.2,2.024,0.4048,0
55.57,0,0,0,0,0,0,2,1.4,0.28,0
55.57,0.6,0.12,0,0,0,0,2,1.52,0.304,0
55.57,0.76,0.152,0,0,0,0,2,1.552,0.3104,0
55.57,0,0,2.99,1.794,0.06,0.012,3.2,3.206,0.6412,0
55.57,0,0,0,0,0,0,2,1.4,0.28,0
55.57,0.49,0.098,0.28,0.056,0.07,0.014,2,1.568,0.3136,0
55.57,0,0,0.81,0.162,0,0,2,1.562,0.3124,0
55.57,0.41,0.082,0,0,0,0,2,1.482,0.2964,0
55.57,0,0,0,0,0,0,2,1.4,0.28,0
55.57,0.82,0.164,0,0,0,0,2,1.564,0.3128,0
55.57,0.32,0.064,0.0009,0.00018,0,0,2,1.46418,0.292836,0
55.57,0,0,0,0,0,0,2,1.4,0.28,0
55.57,0,0,0,0,0,0,2.4,2.2,1.32,1
55.57,1.06,0.424,0.63,0.126,0.9,0.18,2.6,2.93,1.758,1
55.57,0,0,0,0,0,0,2,1.4,0.28,0
55.57,0,0,0,0,0.13,0.026,2,1.426,0.2852,0
55.57,0,0,0,0,0,0,2,1.4,0.28,0
55.57,0.51,0.102,1.63,0.652,1.8,0.36,2.6,2.514,0.5028,0
55.57,1.06,0.424,0,0,0,0,2.2,1.824,0.3648,0
55.57,0.71,0.142,0.25,0.05,0,0,2,1.592,0.3184,0
55.57,0,0,8.49,5.094,0.43,0.086,3.2,6.58,1.316,1
55.57,1.6,0.64,0,0,0,0,2.2,2.04,0.408,0
55.57,0.3,0.06,0.0023,0.00046,0,0,2,1.46046,0.292092,0
55.57,0.47,0.094,0.46,0.092,0.42,0.084,2,1.67,0.334,0
55.57,0,0,0,0,0.02,0.004,2,1.404,0.2808,0
55.57,1.19,0.476,0,0,0,0,2.2,1.876,0.3752,0
55.57,0,0,1.29,0.516,0,0,2.6,1.916,0.3832,0
55.57,0.7,0.14,0.79,0.158,1.91,0.382,2.4,3.28,0.656,0
55.57,0.83,0.166,0,0,0.14,0.028,2,1.594,0.3188,0
55.57,0.74,0.148,0,0,2.4,0.48,2,2.028,0.4056,0
55.57,0.2,0.04,0,0,0,0,2,1.44,0.288,0
55.57,1.4,0.56,0.06,0.012,0,0,2.2,1.972,0.3944,0
55.57,0.4,0.08,0.0025,0.0005,0,0,2,1.4805,0.2961,0
55.57,0.85,0.17,1,0.4,0.4,0.08,2.6,2.05,0.41,0
55.57,0,0,0.88,0.176,0.07,0.014,2,1.59,0.318,0
55.57,0,0,0,0,0,0,2,1.4,0.28,0
55.57,1.12,0.448,0,0,0,0,2.2,1.848,0.3696,0
55.57,1.28,0.512,0,0,0,0,2.2,1.912,0.3824,0
55.57,0,0,0,0,0,0,2,1.4,0.28,0
55.57,0,0,1.16,0.464,0,0,2.6,1.864,0.3728,0
55.57,0.1,0.02,0,0,0,0,2,1.42,0.284,0
55.57,1.06,0.424,1.6,0.64,16.09,9.654,3.2,12.118,2.4236,1
55.57,0.25,0.05,0.0017,0.00034,0,0,2,1.45034,0.290068,0
55.57,0.31,0.062,0.0015,0.0003,0,0,2,1.4623,0.29246,0
55.57,0,0,0,0,0,0,2,1.4,0.28,0
55.57,0.84,0.168,0,0,0,0,2,1.568,0.3136,0
55.57,1.09,0.436,0,0,0,0,2.2,1.836,0.3672,0
55.57,1.29,0.516,0,0,0,0,2.2,1.916,0.3832,0
55.57,0.51,0.102,0.37,0.074,0,0,2,1.576,0.3152,0
55.57,0.09,0.018,0,0,0,0,2,1.418,0.2836,0
55.57,0.39,0.078,0.91,0.182,0,0,2,1.66,0.332,0
55.57,1.07,0.428,0,0,0,0,2.2,1.828,0.3656,0
55.57,0,0,0,0,0,0,2,1.4,0.28,0
55.57,0.5,0.1,2.97,1.782,0.18,0.036,3.2,3.318,0.6636,0
55.57,0.49,0.098,0.55,0.11,0,0,2,1.608,0.3216,0
55.57,0.84,0.168,0.65,0.13,0,0,2,1.698,0.3396,0
55.57,0.9,0.18,1.11,0.444,0,0,2.6,2.024,0.4048,0
55.57,0,0,0,0,0,0,2,1.4,0.28,0
55.57,0.59,0.118,0,0,0,0,2,1.518,0.3036,0
55.57,0.02,0.004,0,0,0,0,2,1.404,0.2808,0
55.57,1.48,0.592,4.48,2.688,0,0,3.4,4.68,0.936,0
55.57,0,0,3.3,1.98,0,0,3.2,3.38,0.676,0
55.57,0.8,0.16,0.57,0.114,0,0,2,1.674,0.3348,0
55.57,0.36,0.072,0.54,0.108,0.21,0.042,2,1.622,0.3244,0
55.57,0.44,0.088,0.53,0.106,0,0,2,1.594,0.3188,0
55.57,0.51,0.102,0.5,0.1,0.09,0.018,2,1.62,0.324,0
55.57,0.75,0.15,0.45,0.09,0,0,2,1.64,0.328,0
55.57,0.49,0.098,0.4,0.08,0,0,2,1.578,0.3156,0
55.57,0.47,0.094,0.37,0.074,0,0,2,1.568,0.3136,0
55.57,0.24,0.048,0.04,0.008,0,0,2,1.456,0.2912,0
55.57,0.2,0.04,0,0,0,0,2,1.44,0.288,0
55.57,0,0,0,0,0.32,0.064,2,1.464,0.2928,0